date,odds,matchStatsUrl,opponent
Jun 24 2013,$1.047,http://www.tennisinsight.com/match_stats_popup.php?matchID=180604316,Tommy Robredo
Jun 24 2013,$1.011,http://www.tennisinsight.com/match_stats_popup.php?matchID=180604232,Yen-Hsun Lu
Jun 24 2013,$1.011,http://www.tennisinsight.com/match_stats_popup.php?matchID=180604164,Benjamin Becker
Jun 10 2013,$1.224,http://www.atpworldtour.com/Share/Match-Facts-Pop-Up.aspx?t=311&y=2013&r=7&p=MC10,Marin Cilic
Jun 10 2013,$1.445,http://www.atpworldtour.com/Share/Match-Facts-Pop-Up.aspx?t=311&y=2013&r=6&p=MC10,Jo-Wilfried Tsonga
Jun 10 2013,$1.054,http://www.atpworldtour.com/Share/Match-Facts-Pop-Up.aspx?t=311&y=2013&r=5&p=MC10,Benjamin Becker
Jun 10 2013,$1.034,http://www.atpworldtour.com/Share/Match-Facts-Pop-Up.aspx?t=311&y=2013&r=4&p=MC10,Marinko Matosevic
May 21 2014,$1.089,http://www.tennisinsight.com/match_stats_popup.php?matchID=185934132,Andrey Golubev
May 12 2014,$6.361,http://www.atpworldtour.com/Share/Match-Facts-Pop-Up.aspx?t=416&y=2014&r=5&p=N409,Rafael Nadal
May 12 2014,$1.219,http://www.atpworldtour.com/Share/Match-Facts-Pop-Up.aspx?t=416&y=2014&r=4&p=MC10,Jurgen Melzer
Jun 10 2013,$1.143,http://www.atpworldtour.com/Share/Match-Facts-Pop-Up.aspx?t=311&y=2013&r=3&p=MC10,Nicolas Mahut
May 21 2013,$1.192,http://www.atpworldtour.com/Share/Match-Facts-Pop-Up.aspx?t=416&y=2013&r=3&p=G710,Marcel Granollers
May 12 2014,$1.351,http://www.atpworldtour.com/Share/Match-Facts-Pop-Up.aspx?t=416&y=2014&r=3&p=MC10,Marcel Granollers
May 5 2014,$1.474,http://www.atpworldtour.com/Share/Match-Facts-Pop-Up.aspx?t=1536&y=2014&r=4&p=G725,Santiago Giraldo
May 5 2014,$1.922,http://www.atpworldtour.com/Share/Match-Facts-Pop-Up.aspx?t=1536&y=2014&r=3&p=MC10,Nicolas Almagro
May 21 2013,$1.883,http://www.atpworldtour.com/Share/Match-Facts-Pop-Up.aspx?t=1536&y=2013&r=5&p=BA47,Tomas Berdych
May 5 2013,$1.212,http://www.atpworldtour.com/Share/Match-Facts-Pop-Up.aspx?t=1536&y=2013&r=4&p=MC10,Gilles Simon
May 5 2013,$1.128,http://www.atpworldtour.com/Share/Match-Facts-Pop-Up.aspx?t=1536&y=2013&r=3&p=MC10,Florian Mayer
Apr 4 2014,$1.417,http://www.tennisinsight.com/match_stats_popup.php?matchID=184963103,Fabio Fognini
Apr 4 2014,$1.213,http://www.tennisinsight.com/match_stats_popup.php?matchID=184963102,Andreas Seppi
May 5 2013,$1.443,http://www.atpworldtour.com/Share/Match-Facts-Pop-Up.aspx?t=410&y=2013&r=4&p=W367,Stan Wawrinka
Apr 15 2013,$1.091,http://www.atpworldtour.com/Share/Match-Facts-Pop-Up.aspx?t=410&y=2013&r=3&p=MC10,Edouard Roger-Vasselin
Mar 17 2014,$3.902,http://www.atpworldtour.com/Share/Match-Facts-Pop-Up.aspx?t=403&y=2014&r=5&p=D643,Novak Djokovic
Mar 17 2014,$1.437,http://www.atpworldtour.com/Share/Match-Facts-Pop-Up.aspx?t=403&y=2014&r=4&p=MC10,Jo-Wilfried Tsonga
Apr 15 2013,$1.325,http://www.atpworldtour.com/Share/Match-Facts-Pop-Up.aspx?t=403&y=2013&r=7&p=MC10,David Ferrer
Mar 18 2013,$1.283,http://www.atpworldtour.com/Share/Match-Facts-Pop-Up.aspx?t=403&y=2013&r=6&p=MC10,Richard Gasquet
Mar 18 2013,$1.210,http://www.atpworldtour.com/Share/Match-Facts-Pop-Up.aspx?t=403&y=2013&r=5&p=MC10,Marin Cilic
Mar 17 2014,$1.214,http://www.atpworldtour.com/Share/Match-Facts-Pop-Up.aspx?t=403&y=2014&r=3&p=MC10,Feliciano Lopez
Mar 17 2014,$1.082,http://www.atpworldtour.com/Share/Match-Facts-Pop-Up.aspx?t=403&y=2014&r=2&p=MC10,Matthew Ebden
Mar 3 2014,$1.719,http://www.atpworldtour.com/Share/Match-Facts-Pop-Up.aspx?t=404&y=2014&r=4&p=R975,Milos Raonic
Mar 18 2013,$1.065,http://www.atpworldtour.com/Share/Match-Facts-Pop-Up.aspx?t=403&y=2013&r=4&p=MC10,Andreas Seppi
Mar 18 2013,$1.111,http://www.atpworldtour.com/Share/Match-Facts-Pop-Up.aspx?t=403&y=2013&r=3&p=MC10,Grigor Dimitrov
Mar 3 2014,$1.104,http://www.atpworldtour.com/Share/Match-Facts-Pop-Up.aspx?t=404&y=2014&r=3&p=MC10,Jiri Vesely
Mar 3 2014,$1.081,http://www.atpworldtour.com/Share/Match-Facts-Pop-Up.aspx?t=404&y=2014&r=2&p=MC10,Lukas Rosol
Mar 18 2013,$1.128,http://www.atpworldtour.com/Share/Match-Facts-Pop-Up.aspx?t=403&y=2013&r=2&p=MC10,Bernard Tomic
Mar 18 2013,$1.543,http://www.atpworldtour.com/Share/Match-Facts-Pop-Up.aspx?t=404&y=2013&r=5&p=D683,Juan Martin del Potro
Feb 24 2014,$1.498,http://www.atpworldtour.com/Share/Match-Facts-Pop-Up.aspx?t=807&y=2014&r=6&p=D875,Grigor Dimitrov
Feb 24 2014,$1.155,http://www.atpworldtour.com/Share/Match-Facts-Pop-Up.aspx?t=807&y=2014&r=5&p=MC10,Gilles Simon
Mar 6 2013,$1.033,http://www.atpworldtour.com/Share/Match-Facts-Pop-Up.aspx?t=404&y=2013&r=4&p=MC10,Carlos Berlocq
Feb 24 2014,$1.068,http://www.atpworldtour.com/Share/Match-Facts-Pop-Up.aspx?t=807&y=2014&r=4&p=MC10,Joao Sousa
Feb 24 2014,$1.104,http://www.atpworldtour.com/Share/Match-Facts-Pop-Up.aspx?t=807&y=2014&r=3&p=MC10,Pablo Andujar
Mar 6 2013,$1.070,http://www.atpworldtour.com/Share/Match-Facts-Pop-Up.aspx?t=404&y=2013&r=3&p=MC10,Yen-Hsun Lu
Feb 10 2014,$1.530,http://www.atpworldtour.com/Share/Match-Facts-Pop-Up.aspx?t=407&y=2014&r=5&p=C977,Marin Cilic
Feb 10 2014,$1.070,http://www.atpworldtour.com/Share/Match-Facts-Pop-Up.aspx?t=407&y=2014&r=4&p=MC10,Dominic Thiem
Feb 10 2014,$1.107,http://www.atpworldtour.com/Share/Match-Facts-Pop-Up.aspx?t=407&y=2014&r=3&p=MC10,Edouard Roger-Vasselin
Mar 6 2013,$1.033,http://www.atpworldtour.com/Share/Match-Facts-Pop-Up.aspx?t=404&y=2013&r=2&p=MC10,Evgeny Donskoy
Mar 6 2013,$2.725,http://www.tennisinsight.com/match_stats_popup.php?matchID=177954701,Novak Djokovic
Jan 14 2013,$1.716,http://www.tennisinsight.com/match_stats_popup.php?matchID=177954602,Roger Federer
Jan 13 2014,$2.289,http://www.tennisinsight.com/match_stats_popup.php?matchID=183704502,Roger Federer
Jan 13 2014,$1.010,http://www.tennisinsight.com/match_stats_popup.php?matchID=183704403,Stephane Robert
Jan 13 2014,$1.107,http://www.tennisinsight.com/match_stats_popup.php?matchID=183704305,Feliciano Lopez
Jan 14 2013,$1.069,http://www.tennisinsight.com/match_stats_popup.php?matchID=177954503,Jeremy Chardy
Jan 13 2014,$1.018,http://www.tennisinsight.com/match_stats_popup.php?matchID=183704209,Vincent Millot
Jan 13 2014,$1.030,http://www.tennisinsight.com/match_stats_popup.php?matchID=183704117,Go Soeda
Dec 30 2013,$1.152,http://www.atpworldtour.com/Share/Match-Facts-Pop-Up.aspx?t=451&y=2014&r=4&p=MB02,Florian Mayer
Jan 14 2013,$1.024,http://www.tennisinsight.com/match_stats_popup.php?matchID=177954406,Gilles Simon
Jan 14 2013,$1.020,http://www.tennisinsight.com/match_stats_popup.php?matchID=177954312,Richard Berankis
Jan 14 2013,$1.002,http://www.tennisinsight.com/match_stats_popup.php?matchID=177954224,Joao Sousa
Jan 14 2013,$1.020,http://www.tennisinsight.com/match_stats_popup.php?matchID=177954148,Robin Haase
Dec 30 2013,$1.001,http://www.atpworldtour.com/Share/Match-Facts-Pop-Up.aspx?t=451&y=2014&r=3&p=MC10,Mousa Shanan Zayed
Sep 13 2013,$1.130,http://www.tennisinsight.com/match_stats_popup.php?matchID=182003103,Ivan Dodig
Jan 14 2013,$1.165,http://www.atpworldtour.com/Share/Match-Facts-Pop-Up.aspx?t=339&y=2013&r=7&p=MC10,Grigor Dimitrov
Dec 31 2012,$1.260,http://www.atpworldtour.com/Share/Match-Facts-Pop-Up.aspx?t=339&y=2013&r=6&p=MC10,Kei Nishikori
Dec 31 2012,$1.122,http://www.atpworldtour.com/Share/Match-Facts-Pop-Up.aspx?t=339&y=2013&r=5&p=MC10,Denis Istomin
Sep 13 2013,$1.010,http://www.tennisinsight.com/match_stats_popup.php?matchID=182003101,Borna Coric
Aug 26 2013,$1.290,http://www.tennisinsight.com/match_stats_popup.php?matchID=181634502,Stan Wawrinka
Aug 26 2013,$1.077,http://www.tennisinsight.com/match_stats_popup.php?matchID=181634403,Denis Istomin
Dec 31 2012,$1.031,http://www.atpworldtour.com/Share/Match-Facts-Pop-Up.aspx?t=339&y=2013&r=4&p=MC10,John Millman
Dec 24 2012,$1.710,http://www.atpworldtour.com/Share/Match-Facts-Pop-Up.aspx?t=605&y=2012&r=6&p=F324,Roger Federer
Aug 26 2013,$1.033,http://www.tennisinsight.com/match_stats_popup.php?matchID=181634305,Florian Mayer
Aug 26 2013,$1.042,http://www.tennisinsight.com/match_stats_popup.php?matchID=181634209,Leonardo Mayer
Aug 26 2013,$1.024,http://www.tennisinsight.com/match_stats_popup.php?matchID=181634117,Michael Llodra
Nov 5 2012,$1.169,http://www.atpworldtour.com/Share/Match-Facts-Pop-Up.aspx?t=605&y=2012&r=-3&p=MC10,Jo-Wilfried Tsonga
Aug 12 2013,$1.428,http://www.atpworldtour.com/Share/Match-Facts-Pop-Up.aspx?t=422&y=2013&r=5&p=BA47,Tomas Berdych
Aug 12 2013,$1.073,http://www.atpworldtour.com/Share/Match-Facts-Pop-Up.aspx?t=422&y=2013&r=4&p=MC10,Julien Benneteau
Nov 5 2012,$2.106,http://www.atpworldtour.com/Share/Match-Facts-Pop-Up.aspx?t=605&y=2012&r=-5&p=D643,Novak Djokovic
Nov 5 2012,$1.360,http://www.atpworldtour.com/Share/Match-Facts-Pop-Up.aspx?t=605&y=2012&r=-7&p=MC10,Tomas Berdych
Nov 5 2012,$1.070,http://www.atpworldtour.com/Share/Match-Facts-Pop-Up.aspx?t=352&y=2012&r=4&p=J397,Jerzy Janowicz
Oct 29 2012,$1.081,http://www.atpworldtour.com/Share/Match-Facts-Pop-Up.aspx?t=352&y=2012&r=3&p=MC10,Paul-Henri Mathieu
Aug 12 2013,$1.215,http://www.atpworldtour.com/Share/Match-Facts-Pop-Up.aspx?t=422&y=2013&r=3&p=MC10,Mikhail Youzhny
Aug 5 2013,$1.190,http://www.atpworldtour.com/Share/Match-Facts-Pop-Up.aspx?t=421&y=2013&r=4&p=G858,Ernests Gulbis
Aug 5 2013,$1.096,http://www.atpworldtour.com/Share/Match-Facts-Pop-Up.aspx?t=421&y=2013&r=3&p=MC10,Marcel Granollers
Oct 29 2012,$2.634,http://www.atpworldtour.com/Share/Match-Facts-Pop-Up.aspx?t=5014&y=2012&r=7&p=D643,Novak Djokovic
Oct 7 2012,$2.066,http://www.atpworldtour.com/Share/Match-Facts-Pop-Up.aspx?t=5014&y=2012&r=6&p=MC10,Roger Federer
Jun 24 2013,$2.495,http://www.tennisinsight.com/match_stats_popup.php?matchID=180604701,Novak Djokovic
Jun 24 2013,$1.216,http://www.tennisinsight.com/match_stats_popup.php?matchID=180604602,Jerzy Janowicz
Oct 7 2012,$1.092,http://www.atpworldtour.com/Share/Match-Facts-Pop-Up.aspx?t=5014&y=2012&r=5&p=MC10,Radek Stepanek
Oct 7 2012,$1.119,http://www.atpworldtour.com/Share/Match-Facts-Pop-Up.aspx?t=5014&y=2012&r=4&p=MC10,Alexandr Dolgopolov
Oct 7 2012,$1.080,http://www.atpworldtour.com/Share/Match-Facts-Pop-Up.aspx?t=5014&y=2012&r=3&p=MC10,Florian Mayer
Oct 7 2012,$1.288,http://www.atpworldtour.com/Share/Match-Facts-Pop-Up.aspx?t=329&y=2012&r=6&p=R975,Milos Raonic
Oct 1 2012,$1.154,http://www.atpworldtour.com/Share/Match-Facts-Pop-Up.aspx?t=329&y=2012&r=5&p=MC10,Stan Wawrinka
Jun 24 2013,$1.093,http://www.tennisinsight.com/match_stats_popup.php?matchID=180604504,Fernando Verdasco
Jun 24 2013,$1.077,http://www.tennisinsight.com/match_stats_popup.php?matchID=180604408,Mikhail Youzhny
Oct 1 2012,$1.031,http://www.atpworldtour.com/Share/Match-Facts-Pop-Up.aspx?t=329&y=2012&r=4&p=MC10,Lukas Lacko
